university_name,id_
Adler Graduate Professional School,1
Alberta Business School - University of Alberta,2
Algoma University,3
Algonquin College,4
Asper School of Business - University of Manitoba,5
Assiniboine Community College,6
Athabasca University,7
Beedie School of Business - Simon Fraser University,8
Bishop's University,9
Bow Valley College,10
Brandon University,11
British Columbia Institute of Technology (BCIT),12
Brock University,13
Cambrian College,14
Cambrian College (Hanson Campus),15
Camosun College,16
Canada College/Collège Canada,17
Canadore College,18
Cape Breton University (CBU),19
Capilano University,20
Carleton University,21
Carlton Trail College,22
Centennial College,23
Coast Mountain College,24
College of New Caledonia,25
College of the North Atlantic,26
College of the Rockies,27
Collège Boréal,28
Collège La Cité,29
Concordia University,30
Conestoga College,31
Confederation College,32
Crandall University,33
Cumberland College,34
Dalhousie University,35
Dalhousie University (Dal),36
Degroote School of Business - McM. University,37
Desautels Faculty of Mangement - McGill University,38
Douglas College,39
Durham College,40
Edwards School of Business - University of Saskachewan,41
Emily Carr University of Art and Design (ECUAD),42
FSA Laval - Universite Laval,43
Fanshawe College,44
Farleigh Dickinson University (FDU),45
Fleming College,46
George Brown College,47
Georgian College,48
Goodman School of Business - Brock University,49
Grande Prairie Regional College,50
Great Plains College,51
Gustavson School of Business - University of Victoria,52
HEC Montreal - University de Montreal,53
Haskayne School of Business - University of Calgary,54
Herzing College,55
Holland College,56
Humber College,57
Ivey Business School - University of Western Ontario,58
John Molson School of Business - Concordia University,59
Kenneth Levene Graduate School of Business -University of Regina,60
Keyano College,61
Kwantlen Polytechnic University (KPU),62
Lakehead Univeristy,63
Lakehead University,64
Lakeland College,65
Lambton College,66
Lambton College (Toronto Campus/Cestar College),67
Langara College,68
Laurentian University (Insolvent Feb 2020),69
Laurentian University (Insolvent),70
Lazaridis School of Business - Wilfred Laurier University,71
Lethbridge College,72
Loyalist College,73
M College,74
MacEwan University,75
Matrix College,76
McGill University,77
McMaster University,78
Medicine Hat College,79
Memorial University of Newfoundland,80
Memorial University of Newfoundland (MUN),81
Mohawk College,82
Mt. Allison University,83
Mt. Royal University (MRU),84
Mt. St. Vincent University (MSVU),85
New Brunswick Community College,86
New York Institute of Technology (NYIT),87
Niagara College,88
Nipissing University,89
NorQuest College,90
North Island College,91
North West College,92
Northeastern Universtity,93
Northern Alberta Institute of Technology (NAIT),94
Northern College,95
Northern College (Pures Campus),96
Northern Lakes College,97
Northern Lights College,98
Northlands College,99
Nova Scotia College of Art and Design University (NSCAD),100
Nova Scotia Community College,101
Odette School of Business - Windsor University,102
Okanagan College,103
Olds College,104
Ontario College of Art and Design University (OCAD),105
Ontario Tech University (UOIT),106
Parkland College,805
Portage College,108
Queen's University,109
Queens University,110
Red Deer College,111
Red River College,112
Rotman School of Management - University of Toronto,113
Rowe School of Business - Dalhousie University,114
Royal Roads University,115
Royal Roads University (RRU),116
Ryerson Univerity,117
Ryerson University,118
Saint Mary's,119
Saskatchewan Polytechnic,120
Sauder School of Business - University of British Columbia,121
Sault College,122
Schulich School of Business - York University,123
Selkirk College,124
Seneca College,125
Shannon School of Business - Cape Breton University,126
Sheridan College,127
Simon Fraser University,128
Simon Fraser University (SFU),129
Smith School of Business - Queens University,130
Sobey School of Business - Saint Mary's,131
Southeast College,132
Southern Alberta Institute of Technology (SAIT),133
St. Clair College,134
St. Clair College (Toronto Campus/Ace Acumen College),135
St. Francis Xavier,136
St. Francis Xavier University (StFX),137
St. Lawrence College,138
St. Mary's University (SMU),139
St. Thomas University (STU),140
Ted Rogers Business School - Ryerson Univerity,141
Telfer School of Management - University of Ottawa,142
Thompson Rivers University,143
Thompson Rivers University (TRU),144
Trent University,145
Trinity Western University,146
Trinity Western University (TWU),147
UQAM,148
Universite Laval,149
Universite de Sherbrooke,150
Universite du Quebec,151
University Canada West (UCW),152
University de Montreal,153
University of Alberta,154
University of Alberta (UofA),155
University of British Columbia,156
University of British Columbia (UBC),157
University of Calgary,158
University of Calgary (UofC),159
University of Canada West,160
University of Fredericton,161
University of Guelph,162
University of Lethbridge,163
University of Manitoba,164
University of Manitoba (UofM),165
University of New Brunswick,166
University of New Brunswick (UNB),167
University of Northern British Columbia,168
University of Northern British Columbia (UNBC),169
University of Ottawa,170
University of Ottawa (UO),171
University of Prince Edward Island,172
University of Prince Edward Island (UPEI),173
University of Regina,174
University of Saskachewan,175
University of Saskatchewan (USask),176
University of Toronto,177
University of Toronto (UofT),178
University of Victoria,179
University of Victoria (UVic),180
University of Waterloo,181
University of Western Ontario,182
University of Windsor,183
University of Winnipeg,184
University of the Fraser Valley (UFV),185
Université Laval,186
Université Sainte-Anne,187
Université de Moncton,188
Université de Montréal (UdeM),189
Université de Saint-Boniface (USB),190
Université de Sherbrooke,191
Université du Québec en Abitibi-Témiscamingue (UQAT),192
Université du Québec en Outaouais (UQO),193
Université du Québec à Chicoutimi (UQAC),194
Université du Québec à Montréal (UQAM),195
Université du Québec à Rimouski (UQAR),196
Université du Québec à Trois-Rivières (UQTR),197
Vancouver Community College (VCC),198
Vancouver Island University,199
Vancouver Island University (VIU),200
Western University (UWO),201
Wilfrid Laurier University (WLU),202
Windsor University,203
York University,204
Yorkville University,205
Yukon University,206
target_university_list,207
university_name,208
École de technologie supérieure,209
École de technologie supérieure (ETS),210
University of Alaska,211
Alaska Christian College,212
National Park Community College,213
University of Alaska Fairbanks,214
University of Arkansas - Fort Smith,215
Alabama A&M University,216
Athens State University,217
Auburn University,218
Auburn University at Montgomery,219
Birmingham-Southern College,220
Calhoun Community College,221
Enterprise State Community College,222
Faulkner State Community College,223
Gadsden State Community College,224
Huntingdon College,225
Jacksonville State University,226
Lurleen B. Wallace Community College,227
University of Montevallo,228
Northeast Alabama Community College,229
Northwest-Shoals Community College,230
Oakwood University,231
Samford University,232
Southeastern Bible College,233
University of South Alabama,234
Trenholm State Technical College,235
Troy University,236
Tuskegee University,237
University of Alabama,238
University of Alabama at Birmingham,239
University of Alabama in Huntsville,240
University of North Alabama,241
Snead State Community College,242
Arkansas Northeastern College,243
Arkansas State University,244
Arkansas Tech University,245
Central Baptist College,246
Harding University,247
Hendrix College,248
Henderson State University,249
John Brown University,250
Lyon College,251
Mid-South Community College,252
North Arkansas College,253
Northwest Arkansas Community College,254
Northwest Technical Institute,255
Ouachita Baptist University,256
University of the Ozarks,257
Phillips Community College U of A,258
Pulaski Technical College,259
Southern Arkansas University Magnolia,260
Southeast Arkansas College,261
University of Arkansas Community College Batesville,262
University of Arkansas at Little Rock,263
University of Arkansas for Medical Sciences,264
University of Arkansas at Pine Bluff,265
University of Arkansas,266
University of Central Arkansas,267
Williams Baptist College,268
University of Arizona,269
Arizona State University,270
Arizona Western College,271
Bryan University,272
Central Arizona College,273
Glendale Community College,375
Grand Canyon University,275
Maricopa Community Colleges,276
Mesa Community College,277
Northern Arizona University,278
Northland Pioneer College,279
University of Phoenix,280
Phoenix College,281
Pima Community College,282
Prescott College,283
Rio Salado College,284
South Mountain Community College,285
University of Advancing Technology,286
Yavapai College,287
Academy of Arts University,288
Adance Computing Institute,289
Acupuncture & Integrative Medicine College,290
Alliant International University,291
Allied American University,292
Anaheim University,293
Angeles College,294
Antioch University Los Angeles,295
Argosy University,296
Art Center College of Design,297
The Art Institute,298
Ashford University,299
ATI College,300
Antelope Valley College,301
Bakersfield College,302
Barstow Community College,303
Berkeley University of California,304
Berkeley City College,305
Brandman University,306
Butte College,307
Cabrillo College,308
California Institute of the Arts,309
California Baptist University,310
California Lutheran University,311
California Miramar University,312
California Polytechnic State University,313
California State University,314
California Institute of Technology,315
Canada College,316
College of the Canyons,317
California College of the Arts,318
California Community Colleges Chanellor's Office,319
City College of San Francisco,320
Cerritos College,321
Cerro Coso Community College,322
Claremont Graduate University,323
Chaffey College,324
Chapman University,325
California Institute of Integral Studies,326
Citrus College,327
The Claremont Colleges,328
Claremont McKenna College,329
Copper Mountain College,330
Cogswell Polytechnical College,331
College of San Mateo,332
College of the Desert,333
El Camino College Compton Center,334
Contra Costa College,335
College of the Sequoias,336
Crafton Hills College,337
California State University Bakersfield,338
California State University Channel Islands,339
California State University Dominguez Hills,340
California State University East Bay,341
Fresno State,342
California State University Long Beach,343
California State University Monterey Bay,344
California State University Northridge,345
California State Polytechnic University Pomona,346
California State University Sacramento,347
California State University San Bernardino,348
California State University San Marcos,349
California State University Stanislaus,350
Cuesta College,351
Cuyamaca College,352
California Western School of Law San Diego,353
Cypress College,354
DeAnza College,355
San Joaquin Delta College,356
Dominican University of California,357
Dominican School of Philosophy and Theology,358
Diablo Valley College,359
East Los Angeles College,360
El Camino College,361
Ex'pression College,362
Foothill-De Anza Community College District,363
Fashion Institute of Design & Merchandising,364
Fielding Graduate University,365
Foothill College,366
Fresno Pacific University,367
Fresno City College,368
Frederick Taylor University,369
Fullerton College,370
Fuller Theological Seminary,371
California State University Fullerton,372
Gavilan College,373
Golden Gate Baptist Theological Seminary,374
Gnomon School of Visual Effects,376
Columbia College,1160
Golden West College,378
Grossmont College,379
Allan Hancock College,380
Hartnell College,381
Henley-Putnam University,382
Harvey Mudd College,383
Holy Names University,384
Humboldt State University,385
Humphreys College,386
Imperial Valley College,387
International Sports Sciences Association,388
International Technological University,389
Irvine Valley College,390
William Jessup University,391
John F. Kennedy University,392
Keck Graduate Institute,393
Mount Saint Mary's College,394
Los Angeles Community College District,395
Los Angeles City College,396
Los Angeles Harbor College,397
Los Angeles Mission College,398
Laney College,399
Los Angeles Southwest College,400
La Sierra University,401
Las Positas College,402
Los Angeles Trade-Tech Community College,403
Laurus College,404
Los Angeles Valley College,405
University of La Verne,406
UCLA School of Law,407
Long Beach City College,408
Life Chiropractic College West,409
Loma Linda University,410
Loyola Marymount University,411
Los Medanos College,412
Los Rios Community College District,413
Lake Tahoe Community College,414
College of Marin,415
Marymount California University,416
The Master's College,417
Merced Community College,418
Mills College,419
MiraCosta College,420
Modesto Junior College,421
Mount San Jacinto College,422
Mount San Antonio College,423
Napa Valley College,424
Notre Dame de Namur University,425
NewSchool of Architecture and Design,426
Norco College,427
Naval Postgraduate School,428
Ohlone College,429
Orange Coast College,430
Otis College of Art and Design,431
Occidental College,432
University of the Pacific,497
Pacific College of Oriental Medicine,434
Palomar College,435
Pasadena City College,436
Pepperdine University,437
Peralta Community College District,438
Pierce College,439
Pitzer College,440
Pacific Lutheran Theological Seminary,441
Point Loma Nazarene University,442
Pomona College,443
Porterville College,444
Pacific School of Religion,445
Riverside City College,446
Riverside Community College District,447
University of Redlands,448
College of the Redwoods,449
Rio Hondo College,450
Rosemead College,451
Santa Ana College,452
Saddleback College,453
University of San Diego,454
Santa Rosa Junior College,455
Santa Barbara City College,456
School of Continuing Education,457
Scripps College,458
Santa Clara University,459
Southern California University of Health Sciences,460
San Diego City College,461
San Diego Mesa College,462
San Diego State University,463
San Francisco State University,464
Shasta College,465
The Institute of Buddhist Studies,466
Sierra College,467
Simpson University,468
College of the Siskiyous,469
San Jose State University,470
Starr King School for the Ministry,471
Skyline College,472
Santa Monica College,473
San Mateo County Community College,474
Soka University of America,475
Solano Community College,476
Sonoma State University,477
Stanford University,478
Saint Mary's College,870
Taft College,480
Touro University California,481
University of California Davis,482
University of California Hastings College of the Law,483
University of California Irvine,484
University of California Los Angeles,485
University of California Los Angeles Extension,486
University of California Merced,487
University of California,496
University of California Press,489
University of California Riverside,490
University of California Santa Barbara,491
University of California Santa Cruz,492
University of California Santa Cruz Silicon Valley Extension,493
University of California San Diego,494
University of California San Francisco,495
University of Southern California,498
University of San Francisco,499
San Bernardino Valley College,500
Ventura College,501
Victor Valley College,502
West Coast Baptist College,503
Western University of Health Sciences,504
Westmont College,505
West Valley College,506
West Hills Community College District,507
Whittier College,508
West Los Angeles College,509
Yuba Community College District,510
Yosemite Community College District,511
Unitek College,512
Vanguard University,513
Southwestern College,1387
Monterey Institute of International Studies,515
Adams State University,516
Auraria Higher Education Center,517
Aims Community College,518
Arapahoe Community College,519
Community College of Aurora,520
Community College of Denver,521
Colorado Heights University,522
University of Colorado Boulder,523
Colorado College,524
Colorado Mesa University,525
Colorado State University,526
Colorado State University-Pueblo,527
University of Denver,528
Fort Lewis College,529
Front Range Community College,530
Jones International University,531
Colorado School of Mines,532
Metropolitan State University of Denver,533
Naropa University,534
Pikes Peak Community College,535
Pueblo Community College,536
Redstone College,537
Regis University,538
University of the Rockies,539
Red Rocks Community College,540
William Howard Taft University,541
University Corporation for Atmospheric Research,542
University of Colorado Colorado Springs,543
University of Colorado Denver,544
University of Northern Colorado,545
University of Colorado,546
Western State Colorado University,547
Albertus Magnus College,548
Asnuntuck Community College,549
Connecticut College,550
Eastern Connecticut State University,551
Fairfield University,552
Goodwin College,553
University of Hartford,554
Hartford Seminary,555
University of New Haven,556
Queens University of Charlotte,1269
Quinebaug Valley Community College,558
Sacred Heart University,559
Southern Connecticut State University,560
Three Rivers Community College,561
Trinity College,562
Tunxis Community College,563
University of Connecticut Health Center,564
University of Connecticut,565
University of Saint Joseph Connecticut,566
Western Connecticut State University,567
Wesleyan University,568
Yale University,569
American University,570
Carnegie Institution for Science,571
The Catholic University of America,572
Gallaudet University,573
Georgetown University,574
The George Washington University,575
Howard University,576
Johns Hopkins School of Advanced International Studies,577
University of California Washington Center,578
University of the District of Columbia,579
Delaware State University,580
Delaware Technical Community College,581
Goldey-Beacom College,582
University of Delaware,583
Wesley College,584
Wilmington University,585
Carlos Albizu University,586
Acupuncture Massage College,587
Atlantic Institute of Oriental Medicine,588
Barry University,589
Broward College,590
College of Central Florida,591
Chipola College,592
Bethune-Cookman University,593
Dade Medical College,594
Daytona State College,595
Eckerd College,596
Edison State College,597
Embry-Riddle Aeronautical University,598
Everglades University,599
Florida Atlantic University,600
Florida Gulf Coast University,601
Florida Institute of Technology,602
Florida International University,603
Flagler College,604
Florida Southern College,605
Florida National University,606
Florida State College at Jacksonville,607
Florida State University,608
Gulf Coast State College,609
Hillsborough Community College,610
Jacksonville University,611
Keiser University,612
Loraines Academy Incorporated,613
Lake Sumter State College,614
Lynn University,615
Millennia Atlantic University,616
Miami Dade College,617
University of Miami,618
Miami International University of Art and Design,619
New College of Florida,620
North Florida Community College,621
Nova Southeastern University,622
National University of Health Sciences,623
Northwest Florida State College,624
Palm Beach State College,625
Palm Beach Atlantic University,626
Pensacola State College,627
Pasco-Hernando State College,628
Ringling College of Art and Design,629
Rollins College,630
Saint Leo University,631
State College of Florida,632
Seminole State College of Florida,633
Santa Fe College,634
South Florida State College,635
Space Coast Health Institute,636
Saint Petersburg College,637
Stetson University,638
Saint Thomas University,639
Saint Vincent de Paul Regional Seminary,640
Traviss Career Center,641
University of Central Florida,642
University of Florida,643
University of North Florida,644
University of South Florida,645
University of South Florida Sarasota-Manatee,646
University of South Florida Saint Petersburg,647
University of Tampa,648
University of West Florida,649
Valencia College,650
Warner University,651
Webber International University,652
Agnes Scott College,653
Albany Technical College,654
Armstrong Atlantic State University,655
Atlanta Technical College,656
Atlanta Metropolitan State College,657
Berry College,658
Carver College,659
Child Care Education Institute,660
Central Georgia Technical College,661
Clayton State University,662
Columbus State University,663
Columbus Technical College,664
Covenant College,665
Dalton State,666
Darton State College,667
East Georgia State College,668
Emory University,669
Georgia Institute of Technology,670
Georgia College,671
Georgia Southern University,672
Georgia Gwinnett College,673
Georgia Perimeter College,674
Georgia Regents University Augusta,675
Georgia State University,676
Georgia South Western State University,677
Interactive College of Technology,678
Atlanta's John Marshall Law School,679
Kennesaw State University,680
Lanier Technical College,681
Life University,682
Mercer University,683
Middle Georgia State College,684
Morehouse College,685
Morehouse School of Medicine,686
North Georgia Technical College,687
Oglethorpe University,688
Okefenokee Technical College,689
Paine College,690
Pfeiffer University,691
Piedmont College,692
Reinhardt University,693
Savannah State University,694
Savannah College of Art and Design,695
Shorter University,696
Southeastern Technical College,697
Spelman College,698
Southern Polytechnic State University,699
Thomas University,700
University of Georgia,701
University of North Georgia,702
University System of Georgia,703
Valdosta State University,704
University of West Georgia,705
Wiregrass Georgia Technical College,706
Brigham Young University Hawaii,707
Chaminade University,708
University of Hawaii at Manoa,709
Mid-Pacific Institute,710
AIB College of Business,711
Central College,712
Coe College,713
Cornell College,714
Des Moines Area Community College,715
Dordt College,716
Drake University,717
Divine Word College,718
Eastern Iowa Community Colleges,719
Grinnell College,720
Hawkeye Community College,721
Iowa State University,722
Iowa Central Community College,723
Iowa Wesleyan College,724
Iowa Western Community College,725
Kaplan University,726
Kirkwood Community College,727
La' James College,728
Loras College,729
Luther College,730
Maharishi University of Management,731
Northeast Iowa Community College,732
Palmer College of Chiropractic,733
Saint Ambrose University,734
Simpson College,735
Southwestern Community College,1279
Univeristy of Iowa,737
Upper Iowa University,738
University of Northern Iowa,739
Wartburg College,740
Waldorf College,741
Boise State University,742
Brigham Young University Idaho,743
The College of Idaho,744
College of Southern Idaho,745
Idaho State University,746
University of Idaho,747
Augustana College,748
Aurora University,749
Benedictine University,750
Bradley University,751
City Colleges of Chicago,752
The University of Chicago Booth School of Business,753
College of Lake County,754
College of DuPage,755
Columbia College Chicago,756
Danville Area Community College,757
DePaul University,758
Dominican University,759
Eastern Illinois University,760
Elmhurst College,761
Governors State,762
Greenville College,763
The Hadley School for the Blind,764
Harper College,765
Heartland Community College,766
Illinois Central College,767
Illinois College of Optometry,768
Illinois Institute of Technology,769
University of Illinois at Urbana-Champaign,831
Illinois State University,771
Illinois Mathematics and Science Academy,772
Illinois Valley Community College,773
Illinois Wesleyan University,774
John A. Logan College,775
Joliet Junior College,776
The John Marshall Law School,777
Judson University,778
Kaskaskia College,779
Kankakee Community College,780
IIT Chicago-Kent College of Law,781
Kishwaukee College,782
Knox College,783
Lake Forest College,784
Lakeview College of Nursing,785
Lewis and Clark Community College,786
Lewis University,787
Lincoln Land Community College,788
Loyola University Chicago,789
Midwestern Career College,790
McHenry County College,791
McKendree University,792
Midwestern University,793
Monmouth College,794
Moraine Valley Community College,795
Morton College,796
Northeastern Illinois University,797
Northern Illinois University,798
National Louis University,799
North Park University,800
Northwestern University,801
Oakton Community College,802
Olivet Nazarene University,803
Chicago ORT Technical Institute,804
Prairie State College,806
Principia College,807
Resurrection University,808
Robert Morris University Illinois,809
Rockford University,810
Rock Valley College,811
Roosevelt University,812
Rosalind Franklin University,813
Saint Anthony College of Nursing,814
School of the Art Institute of Chicago,815
Saint Francis Medical Center College of Nursing,816
Shawnee Community College,817
Southeastern Illinois College,818
Southern Illinois University,819
Southern Illinois University Edwardsville,820
Spoon River College,821
South Suburban College,822
University of Saint Francis,823
Southwestern Illinois College,824
Saint Xavier University,825
Trinity Christian College,826
University of Chicago,827
University of Illinois at Chicago,828
University of Illinois,829
University of Illinois Springfield,830
Waubonsee Community College,832
Wheaton College,833
Western Illinois University,834
Saint John's College,1048
Anabaptist Mennonite Biblical Seminary,836
Anderson University,1796
Bethel College Indiana,838
Brown Mackie College,839
Ball State University,840
Butler University,841
DePauw University,842
Earlham College,843
University of Evansville,844
Goshen College,845
Grace College and Seminary,846
Hanover College,847
Harrison College,848
Holy Cross College,849
Indiana University,854
Indiana State University,851
Indiana Wesleyan University,852
Indiana University - Purdue University Fort Wayne,853
Indiana University Bloomington,855
Indiana University East,856
Indiana University Northwest,857
Indiana University - Purdue University Indianapolis,858
Indiana University Southeast,859
Indiana University South Bend,860
Ivy Tech Community College,861
Manchester University,862
Marian University Indianapolis,863
University of Notre Dame,864
Oakland City University,865
Purdue University North Central,866
Purdue University,867
Purdue University Calumet,868
Rose-Hulman Institute of Technology,869
Trine University,871
University of Indianapolis,872
University of Southern Indiana,873
Valparaiso University,874
Wabash College,875
Benedictine College,876
Butler Community College,877
Emporia State University,878
Fort Hays State University,879
Flint Hills Technical College,880
Fort Scott Community College,881
Garden City Community College,882
Hesston College,883
Highland Community College,884
Johnson County Community College,885
Kansas City Kansas Community College,886
Kansas State University,887
The University of Kansas,888
McPherson College,889
Neosho County Community College,890
Newman University,891
Pittsburg State University,892
Saint Paul School of Theology and Ministry,893
Sterling College,894
University of Saint Mary,895
Washburn University,896
Washburn University School of Law,897
Wichita State University,898
Asbury University,899
Bellarmine University,900
Berea College,901
Centre College,902
Eastern Kentucky University,903
Frontier Nursing University,904
Georgetown College,905
Kentucky Community and Technical College System,906
Kentucky Christian University,907
Kentucky State University,908
Lindsey Wilson College,909
The University of Louisville,910
Midway College,911
Morehead State University,912
Murray State University,913
Northern Kentucky University,914
The Southern Baptist Theological Seminary,915
Saint Catharine College,916
Sullivan University,917
University of the Cumberlands,918
Western Kentucky University,919
Bossier Parish Community College,920
Centenary College of Louisiana,921
Louisiana Tech University,922
Louisiana Culinary Institute,923
University of Louisiana Lafayette,924
Loyola University New Orleans,925
Louisiana State University,926
Louisiana State University - Eunice,927
LSU Health Sciences Center - New Orleans,929
Louisiana State University System,930
Nicholls State University,931
New Orleans Baptist Theological Seminary,932
Nunez Community College,933
Southeastern Louisiana University,934
Southern University,935
Tulane University,936
University of Louisiana at Monroe,937
University of New Orleans,938
Xavier University of Louisiana,939
Amherst College,940
Assumption College,941
Babson College,942
Boston College,943
Bentley University,944
Berklee College of Music,945
Berkshire Community College,946
The Boston Conservatory,947
Brandeis University,948
Bridgewater State University,949
Boston University,950
Cambridge College,951
Clark University,952
Curry College,953
Elms College,954
Emerson College,955
Emmanuel College,956
Endicott College,957
Fitchburg State University,958
Framingham State University,959
Gordon Conwell Theological Seminary,960
Gordon College,961
Hampshire College,962
Harvard University,963
Harvard Business School,964
College of the Holy Cross,965
Lesley University,966
Massachusetts Maritime Academy,967
Massachusetts Department of Higher Education,968
Massachusetts College of Art and Design,969
MassBay Community College,970
Marine Biological Laboratory,971
Merrimack Education Center,972
Merrimack College,973
MGH Institute of Health Professions,974
Milton Academy,975
Massachusetts Institute of Technology,976
Montserrat College of Art,977
Mount Ida College,978
Mount Holyoke College,979
Middlesex Community College,980
Middlesex School,981
North Bennet Street School,982
New England Law - Boston,983
Northeastern University,984
Olin College of Engineering,985
Salem State University,986
Simmons College,987
Smith College,988
Spa Tech Institute,989
Springfield College,990
Springfield Technical Community College,991
Suffolk University,992
Boston Architectural College,993
Tufts University,994
University of Massachusetts Amherst,995
University of Massachusetts Dartmouth,996
University of Massachusetts Medical School,997
University of Massachusetts,998
University of Massachusetts Boston,999
University of Massachusetts Lowell,1000
Wellesley College,1001
"Wheaton College, Norton",1002
Wheelock College,1003
Williams College,1004
Western New England University,1005
Worcester State University,1006
Worcester Polytechnic Institute,1007
Anne Arundel Community College,1008
Baltimore City Community College,1009
Bowie State University,1010
Carroll Community College,1011
The Community College of Baltimore County,1012
Chesapeake College,1013
Coppin State University,1014
College of Southern Maryland,1015
Frederick Community College,1016
Frostburg State University,1017
Garrett College,1018
Goucher College,1019
Hagerstown Community College,1020
Harford Community College,1021
Hood College,1022
Howard Community College,1023
Johns Hopkins Bloomberg School of Public Health,1024
Johns Hopkins University,1025
Loyola University Maryland,1026
Montgomery Blair High School,1027
McDaniel College,1028
Maryland Institute College of Art,1029
Montgomery College,1030
Mount Saint Mary's University,1031
Maryland University of Integrative Health,1032
Prince George's Community College,1033
Salisbury University,1034
Sojourner-Douglass College,1035
Saint Mary's College of Maryland,1036
Saint James School,1037
Towson University,1038
University of Baltimore,1039
University of Maryland,1042
University of Maryland Baltimore County,1041
University of Maryland University College,1043
University System of Maryland,1044
United States Naval Academy,1045
Washington College,1046
Wor-Wic Community College,1047
Bates College,1049
Bowdoin College,1050
Central Maine Community College,1051
College of the Atlantic,1052
Colby College,1053
Husson University,1054
Maine Maritime Academy,1055
Northern Maine Community College,1056
Saint Joseph's College,1057
Southern Maine Community College,1058
University of Maine,1059
University of Maine Fort Kent,1060
University of Maine at Presque Isle,1061
University of New England,1062
Unity College,1063
York County Community College,1064
University of Main at Augusta,1065
Adrian College,1066
Albion College,1067
Alma College,1068
Alpena Community College,1069
Andrews University,1070
Aquinas College,1071
Baker College,1072
Bay College,1073
Calvin College,1074
Central Michigan University,1075
College for Creative Studies,1076
Cornerstone University,1077
Davenport University,1078
Delta College,1079
Douglas J. Aveda Institute,1080
Eastern Michigan University,1081
Ferris State University,1082
Finlandia University,1083
Grand Rapids Community College,1084
Grand Valley State University,1085
Henry Ford College,1086
Hillsdale College,1087
Hope College,1088
Jackson College,1089
Kettering University,1090
Kalamazoo Valley Community College,1091
Kalamazoo College,1092
Lake Michigan College,1093
Lansing Community College,1094
Lake Superior State University,1095
Lawrence Technological University,1096
Macomb Community College,1097
Marygrove College,1098
Monroe County Community College,1099
Michigan State University,1100
Michigan Technological University,1101
Northwestern Michigan College,1102
Northern Michigan University,1103
Oakland Univeristy,1104
Oakland Community College,1105
Saginaw Chippewa Tribal College,1106
Saginaw Valley State University,1107
University of Detroit Mercy,1108
University of Michigan-Flint,1109
University of Michigan,1110
Wayne State,1111
Washtenaw Community College,1112
Western Michigan University,1113
Alexandria Technical & Community College,1114
Anoka-Ramsey Community College,1115
Augsburg College,1116
Bemidji State University,1117
Bethel University,1118
Carleton College,1119
Century College,1120
Central Lakes College,1121
Concordia College,1122
Crown College,1123
"College of Saint Benedict, Saint John's University",1124
Concordia University Saint Paul,1125
The College of Saint Scholastica,1126
Dakota County Technical College,1127
Gustavus Adolphus College,1128
Globe University,1129
Hamline University,1130
Inver Hills Community College,1131
Institute of Production and Recording,1132
Leech Lake Tribal College,1133
Luther Seminary,1134
Macalester College,1135
McNally Smith College of Music,1136
Mesabi Range College,1137
Metropolitan State University,1138
Minnesota State University Moorhead,1139
Minnesota State University Mankato,1140
North Hennepin Community College,1141
Normandale Community College,1142
Rasmussen College,1143
Ridgewater College,1144
Southwest Minnesota State University,1145
Saint Mary's University of Minnesota,1146
South Central College,1147
Saint Cloud State University,1148
Saint Olaf College,1149
University of Saint Thomas,1916
University of Minnesota,1151
United Theological Seminary of the Twin Cities,1152
University of Northwestern Saint Paul,1153
Walden University,1154
Winona State Unviversity,1155
Assemblies of God Theological Seminary,1156
Aquinas Institute of Theology,1157
A.T. Still University,1158
Avila University,1159
Central Methodist University,1161
Crowder College,1162
Culver-Stockton College,1163
Drury University,1164
Evangel University,1165
Fontbonne University,1166
Hannibal-LaGrange,1167
Harris-Stowe State University,1168
Jefferson College,1169
Kansas City University of Medicine and Biosciences,1170
Lincoln University,1171
Lindenwood University,1172
Linn State Technical College,1173
Maryville University,1174
Metropolitan Community College,1175
Mineral Area College,1176
Mizzou University of Missouri,1177
Missouri State University,1178
Missouri Valley College,1179
Missouri Southern State University,1180
Missouri University of Science and Technology,1181
North Central Missouri College,1182
Nazarene Theological Seminary,1183
Northwest Missouri State University,1184
Ozarks Technical Community College,1185
Park University,1186
Rockhurst University,1187
Southwest Baptist University,1188
South Central Career Center,1189
Southeast Missouri State University,1190
Saint Louis University,1191
Saint Charles Community College,1192
Saint Louis Community College,1193
Truman State University,1194
University of Central Missouri,1195
University of Missouri Kansas City,1196
University of Missouri Saint Louis,1197
University of Missouri System,1198
Webster University,1199
"Westminster College, Missouri",1200
Washington University in Saint Louis,1201
Alcorn State University,1202
Belhaven University,1203
Delta State University,1204
East Mississippi Community College,1205
Jackson State University,1206
Mississippi Gulf Coast Community College,1207
Mississippi State University,1208
Northeast Mississippi Community College,1209
The University of Mississippi,1210
Pearl River Community College,1211
Reformed Theological Seminary,1212
University of Mississippi Medical Center,1213
University of Southern Mississippi,1214
William Carey University,1215
Itawamba Community College,1216
Blackfeet Community College,1217
Carroll College,1218
Fort Peck Community College,1219
Flathead Valley Community College,1220
Miles Community College,1221
Montana State University,1222
Montana State University Billings,1223
Montana State University - Northern,1224
Montana Tech of the University of Montana,1225
Montana University System,1226
Rocky Mountain College,1227
University of Montana Helena College,1228
University of Montana,1229
University of Montana Western,1230
Asheville-Buncombe Technical Community College,1231
Alamance Community College,1232
Appalachian State University,1233
Bladen Community College,1234
Body Therapy Institute,1235
Campbell University,1236
Cape Fear Community College,1237
Charlotte School of Law,1238
Chowan University,1239
Central Piedmont Community College,1240
Craven Community College,1241
Davidson College,1242
Duke University,1243
Durham Technical Community College,1244
Elizabeth City State University,1245
East Carolina University,1246
Elon University,1247
Fayetteville Technical Community College,1248
Forsyth Technical Community College,1249
Gardner-Webb University,1250
Gaston College,1251
Guilford Technical Community College,1252
Heritage Bible College,1253
High Point University,1254
Isothermal Community College,1255
Lenoir Community College,1256
Lees McRae College,1257
Methodist University,1258
The University of Mount Olive,1259
Montgomery Community College,1260
North Carolina Central University,1261
North Carolina School of Science and Mathematics,1262
North Carolina State University,1263
North Carolina Wesleyan College,1264
New Life Theological Seminary,1265
University of North Carolina,1266
Piedmont Community College,1267
Pitt Community College,1268
Randolph Community College,1270
Roanoke-Chowan Community College,1271
Salem College,1272
Sampson Community College,1273
Sandhills Community College,1274
Saint Andrews University,1275
Southeastern Community College,1276
Southeastern Baptist Theological Seminary,1277
Shaw University,1278
South Piedmont Community College,1280
Stanly Community College,1281
Saint Augustine's University,1282
University of North Carolina at Chapel Hill,1283
University of North Carolina Asheville,1284
University of North Carolina Charlotte,1285
University of North Carolina Greensboro,1286
University of North Carolina Pembroke,1287
University of North Carolina School of the Arts,1288
University of North Carolina Wilmington,1289
Vance-Granville Community College,1290
Wake Technical Community College,1291
Warren Wilson College,1292
Western Carolina University,1293
Wake Forest University,1294
Western Piedmont Community College,1295
Winston-Salem State University,1296
Dakota College at Bottineau,1297
Mayville State University,1298
Minot State University,1299
North Dakota State University,1300
North Dakota University System,1301
Turtle Mountain Community College,1302
University of North Dakota,1303
United Tribes Technical College,1304
Valley City State University,1305
Williston State College,1306
Bellevue University,1307
Bryan College of Health Sciences,1308
Creighton University,1309
Chadron State College,1310
Concordia University Nebraska,1311
Joseph's College,1312
Little Priest Tribal College,1313
Mid-Plains Community College,1314
University of Nebraska,1315
Northeast Community College,1316
Union College,1514
University of Nebraska at Kearney,1318
University of Nebraska at Lincoln,1319
University of Nebraska Medical Center,1320
University of Nebraska Omaha,1321
Wayne State College,1322
Saint Anselm College,1323
Antioch University New England,1324
Community College System of New Hampshire,1325
Colby Sawyer College,1326
Dartmouth College,1327
Phillips Exeter Academy,1328
Granite State College,1329
Keene State College,1330
Manchester Community College,1331
Mount Washington College,1332
Nashua Community College,1333
New England College,1334
NHTI Concord's Community College,1335
Plymouth State University,1336
Rivier University,1337
Southern New Hampshire University,1338
University of New Hampshire,1339
White Mountains Community College,1340
Atlantic Cape Community College,1341
Burlington County College,1342
Bergen Community College,1343
Brookdale Community College,1344
Centenary College of New Jersey,1345
Drew University,1346
Eastwick College,1347
Fairleigh Dickinson University,1348
Felician College,1349
Fortis Institute,1350
Georgian Court University,1351
Kean University,1352
Mercer County Community College,1353
Middlesex County College,1354
Monmouth University,1355
Montclair State University,1356
New Jersey City University,1357
New Jersey Institute of Technology,1358
Ocean County College,1359
Princeton University,1360
Princeton Theological Seminary,1361
Ramapo College of New Jersey,1362
Raritan Valley Community College,1363
Rider University,1364
Rowan University,1365
Rutgers University,1366
Seton Hall University,1367
Stenotech Career Institute,1368
Stevens Institute of Technology,1369
Stockton College,1370
Sussex County Community College,1371
The College of New Jersey,1372
Thomas Edison State College,1373
William Paterson University,1374
County College of Morris,1375
Camden County College,1376
Passaic County Community College,1377
Ross University,1378
Central New Mexico,1379
Eastern New Mexico University,1380
New Mexico Highlands University,1381
New Mexico State University,1382
New Mexico State University Alamogordo,1383
New Mexico Institute of Mining and Technology,1384
Northern New Mexico College,1385
San Juan College,1386
Univeristy of New Mexico,1388
University of the Southwest,1389
College of Southern Nevada,1390
Great Basin College,1391
Pima Medical Institute,1392
Sierra Nevada College,1393
Truckee Meadows Community College,1394
University of Nevada Las Vegas,1395
University of Nevada Reno,1396
Western Nevada College,1397
Adelphi University,1398
University at Albany,1399
Alfred University,1400
The American Musical and Dramatic Academy,1401
ASA College,1402
Bard College,1403
Barnard College,1404
Binghamton University,1405
The College at Brockport,1406
University at Buffalo,1407
Buffalo State University,1408
Cazenovia College,1409
Clarkson University,1410
Clinton Community College,1411
The College of New Rochelle,1412
Cobleskill University,1413
Colgate University,1414
Columbia University in the City of New York,1415
Concordia College New York,1416
The Cooper Union,1417
Cornell University,1418
Cortland College,1419
The City University of New York,1420
The College of Westchester,1421
Daemen College,1422
Dominican College,1423
Delhi State University of New York,1424
Dowling College,1425
D'Youville College,1426
Erie Community College State University of New York,1427
Elim Bible Institute,1428
Elmira College,1429
Empire State College,1430
College of Environmental Science and Forestry,1431
Farmingdale State College,1432
Fashion Institute of Technology,1433
Finger Lakes Community College,1434
Fordham University,1435
Fredonia University,1436
Five Towns College,1437
Geneseo University,1438
Globe Institute of Technology,1439
The General Theological Seminary,1440
Hamilton College,1441
Hartwick College,1442
Herkimer College,1443
Hofstra University,1444
Hudson Valley Community College,1445
Hobart and William Smith Colleges,1446
Institute of Design and Construction,1447
Iona College,1448
Ithaca College,1449
The Jewish Theological Seminary,1450
The Juilliard School,1451
Keuka College,1452
Lehman College,1453
Le Moyne,1454
Lim College,1455
Long Island University,1456
Manhattan College,1457
Marist College,1458
Metropolitan College of New York,1459
Mercy College,1460
Marymount Manhattan College,1461
Monroe Community College,1462
Morrisville State College,1463
Mount Saint Marry College,1464
Icahn School of Medicine at Mount Sinai,1465
Manhattanville College,1466
Nazareth College,1467
Nassau Community College,1468
New Paltz,1469
The New School,1470
Niagara University,1471
Nyack College,1472
New York College of Health Professions,1473
New York Film Academy,1474
New York Institute of Technology,1475
New York University,1476
State University of New York at Oneonta,1477
State University of New York at Oswego,1478
Pace University,1479
Paul Smith's College,1480
State University of New York at Plattsburgh,1481
State University of New York at Potsdam,1482
Pratt Institute,1483
Purchase College,1484
Rochester Institute of Technology,1485
Roberts Wesleyan College,1486
University of Rochester,1487
Rensselaer Polytechnic Institute,1488
The Sages Colleges,1489
Saint Bonaventure University,1490
The New York Conservatory for Dramatic Arts,1491
Siena College,1492
Saint John Fisher College,1493
Skidmore College,1494
Sarah Lawrence College,1495
Saint Bernard's School of Theology and Ministry,1496
Saint John's University,1497
Saint Lawrence University,1498
Stony Brook University,1499
Stony Brook Medicine,1500
The College of Saint Rose,1501
State University of New York,1502
State University of New York at Adirondack,1503
State University of New Institute of Technology,1504
Jamestown Community College,1505
Orange County Community College,1506
Rockland Community College,1507
Suffolk County Community College,1508
Westchester Community College,1509
Syracuse University,1510
Tompkins Cortland Community College,1511
The Touro College and University System,1512
Touro College Jacob D. Fuchsberg Law Center,1513
Upstate Medical University,1515
United States Military Academy West Point,1516
Utica College,1517
Vassar College,1518
Wagner College,1519
Wells College,1520
Yeshiva University,1521
Canton State University of New York,1522
Excelsior College,1523
Culinary Institute of America,1524
Ashland University,1525
Aultman College of Nursing and Health Sciences,1526
Belmont College,1527
Bowling Green State University,1528
Baldwin Wallace University,1529
Capital University,1530
Case Western Reserve University,1531
Cincinnati College of Mortuary Science,1532
Cedarville University,1533
Central State University,1534
Cincinnati State Technical and Community College,1535
Central Ohio Technical College,1536
Columbus State Community College,1537
Cleveland State University,1538
Western Reserve University,1539
Defiance College,1540
Denison University,1541
The University of Findlay,1542
Franklin University,1543
Heidelberg University,1544
Hiram College,1545
Hocking College,1546
John Carroll University,1547
Kettering College,1548
Kent State University,1549
Kenyon College,1550
Lakeland Community College,1551
Lima Central Catholic High School,1552
Lorain County Community College,1553
Malone University,1554
Marietta College,1555
Miami University,1556
University of Mount Union,1557
Mount Saint Joseph University,1558
Muskingum University,1559
Mount Vernon Nazarene University,1560
North Central State College,1561
Oberlin College and Conservatory,1562
Ohio University,1563
Ohio Dominican University,1564
Ohio State University,1590
Ohio Northern University,1566
Otterbein University,1567
Owens Community College,1568
Ohio Wesleyan University,1569
University of Rio Grande,1570
Shawnee State University,1571
Sinclair Community College,1572
Tiffin University,1573
Cuyahoga Community College,1574
The University of Akron,1575
University of Cincinnati,1576
University of Cincinnati Blue Ash,1577
University of Cincinnati Clermont,1578
University of Dayton,1579
Urbana University,1580
Ursuline College,1581
University of Toledo,1582
Walsh University,1583
Wilmington College,1584
Wittenberg University,1585
The College of Wooster,1586
Wright State University,1587
Xavier University,1588
Youngstown State University,1589
Cameron University,1591
Connors State College,1592
East Central University,1593
Langston University,1594
Mid-America Christian University,1595
Meridian Technology Center,1596
Northeastern State University,1597
Northwestern Oklahoma State University,1598
Oklahoma Christian University,1599
Oklahoma City Community College,1600
Oklahoma City University,1601
Oklahoma State University,1605
Oral Roberts University,1603
Oklahoma State University Institue of Technology,1604
The University of Oklahoma,1606
The University of Oklahoma Health Sciences Center,1607
Rose State College,1608
Rogers State University,1609
Southeastern Oklahoma State University,1610
Southwestern Christian University,1611
Southwestern Oklahoma State Univeristy,1612
Tulsa Community College,1613
University of Central Oklahoma,1614
University of Science and Arts of Oklahoma,1615
University of Tulsa,1616
Western Oklahoma State College,1617
Blue Mountain Community College,1618
Clatsop Community College,1619
Central Oregon Community College,1620
Columbia School of English,1621
Concordia University Portland Oregon,1622
Eastern Oregon University,1623
George Fox University,1624
Lane Community College,1625
Lewis and Clark,1626
Linfield College,1627
Linn-Benton Community College,1628
Marylhurst University,1629
National College of Natural Medicine,1630
Oregon Health and Science University,1631
Oregon State University,1632
Pacific University Oregon,1633
Portland Community College,1634
Portland State University,1635
Reed College,1636
Rogue Community College,1637
Southwestern Oregon Community College,1638
Southern Oregon University,1639
University of Oregon,1640
University of Portland,1641
Warner Pacific College,1642
Willamette University,1643
Western Oregon University,1644
Allegheny College,1645
Alvernia University,1646
Arcadia University,1647
Baptist Bible College & Seminary,1648
Butler County Community College,1649
Bloomsburg University,1650
Bryn Mawr College,1651
Bucknell University,1652
Bucks County Community College,1653
California University of Pennsylvania,1654
Carlow University,1655
Community College of Allegheny County,1656
Community College of Philadelphia,1657
Cedar Crest College,1658
Chatham University,1659
Chestnut Hill College,1660
Clarion University,1661
Carnegie Mellon University,1662
Delaware County Community College,1663
Delaware Valley College,1664
Dickinson College,1665
Drexel University,1666
Drexel University College of Medicine,1667
Duquesne University,1668
Eastern University,1669
Edinboro University,1670
Elizabethtown College,1671
Evangelical Seminary,1672
Franklin & Marshall College,1673
Saint Francis University,1674
Grove City College,1675
Geneva College,1676
Gettysburg College,1677
Harrisburg Area Community College,1678
Haverford College,1679
Holy Family University,1680
Indiana University of Pennsylvania,1681
Thomas Jefferson University,1682
Juniata College,1683
Keystone College,1684
King's College,1685
Kutztown University,1686
Lackawanna College,1687
Lafayette College,1688
Lancaster County Career and Technology Center,1689
Lancaster Theological Seminary,1690
La Roche College,1691
La Salle University,1692
Lehigh Carbon Community College,1693
Lake Erie College of Osteopathic Medicine,1694
Lehigh University,1695
Lock Haven University,1696
The Lincoln University,1697
Lansdale School of Business,1698
Lebanon Valley College,1699
Lycoming College,1700
Manor College,1701
Mansfield University,1702
Marywood University,1703
Montgomery County Community College,1704
Mercyhurst University,1705
Messiah College,1706
Millersville University,1707
Misericordia University,1708
Moravian College,1709
Mount Aloysius College,1710
Muhlenberg College,1711
Neumann University,1712
Northampton Community College,1713
Pennsylvania Gunsmith School,1714
Philadelphia College of Osteopathic Medicine,1715
Pennsylvania College of Technology,1716
Philadelphia University,1717
University of Pittsburgh,1718
Penn State University,1719
Reading Area Community College,1720
Robert Morris University,1721
Saint Vincent Seminary,1722
Salus University,1723
The University of Scranton,1724
Shippensburg University,1725
Saint Joseph's University,1726
Slippery Rock University,1727
Saint Vincent College,1728
Susquehanna University,1729
Swarthmore College,1730
Temple University,1731
The American College of Financial Services,1732
Thiel College,1733
University of the Arts,1734
University of Pennsylvania,1735
University of the Sciences in Philadelphia,1736
Valley Forge Christian College,1737
Villanova University,1738
Washington and Jefferson College,1739
Westmoreland County Community College,1740
West Chester University,1741
Westminster College,1742
Widener University,1743
Wilkes University,1744
Wilson College,1745
York College of Pennsylvania,1746
Pennsylvania Academy of the Fine Arts,1747
East Stroudsburg University,1748
Ursinus College,1749
DeSales University,1750
Lancaster Bible College,1751
Cheyney University of Pennsylvania,1752
Brown University,1753
Bryant University,1754
Community College of Rhode Island,1755
Johnson and Wales University,1756
New England Institute of Technology,1757
Providence College,1758
The University of Rhode Island,1759
Rhode Island College,1760
Rhose Island School of Design,1761
Roger Williams University,1762
University of Rhode Island,1763
Centura College,1764
The Citadel Military College of South Carolina,1765
Columbia International University,1766
Clemson University,1767
Coastal Carolina University,1768
College of Charleston,1769
Coker College,1770
Columbia College South Carolina,1771
Florence-Darlington Technical College,1772
Francis Marion University,1773
Forrest College,1774
Furman University,1775
Lander University,1776
Limestone College,1777
Midlands Technical College,1778
Medical University of South Carolina,1779
Newberry College,1780
North Greenville University,1781
Orangeburg-Calhoun Technical College,1782
Presbyterian College,1783
University of South Carolina,1784
South Carolina State University,1785
Sinte Gleska University,1786
Spartanburg Methodist College,1787
TriCounty Technical College,1788
University of South Carolina Aiken,1789
University of South Carolina Beaufort,1790
University of South Carolina Upstate,1791
Winthrop University,1792
Wofford College,1793
York Technical College,1794
Bob Jones University,1795
Black Hills State University,1797
Dakota State University,1798
Dakota Wesleyan University,1799
Mount Marty College,1800
Northern State University,1801
South Dakota School of Mines and Technology,1802
South Dakota State University,1803
University of South Dakota,1804
University of Sioux Falls,1805
Western Dakota Technical Institute,1806
Austin Peay State University,1807
Belmont University,1808
Bryan College,1809
Christian Brothers University,1810
Carson-Newman University,1811
Columbia State Community College,1812
Cumberland University,1813
DeVry University,1814
East Tennessee State University,1815
Freed-Hardeman University,1816
Fisk University,1817
Huntington College of Health Sciences,1818
Hiwassee College,1819
Johnson University,1820
Jackson State Community College,1821
Lee University,1822
Lincoln Memorial University,1823
The LeMoyne-Owen College,1824
The University of Memphis,1825
Milligan College,1826
Middle Tennessee State University,1827
Nashville State Community College,1828
Pellissippi State Community College,1829
Rhodes College,1830
Roane State Community College,1831
Southern College of Optometry,1832
Sewanee The University of the South,1833
Southern Adventist University,1834
The University of Tennessee,1835
Southwest Tennessee Community College,1836
Tennessee State University,1837
Tennessee Technological University,1838
Tennessee Wesleyan College,1839
University of Tennessee Chattanooga,1840
University of Tennessee Health Science Center,1841
University of Tennessee Knoxville,1842
University of Tennessee Martin,1843
University of Tennessee Space Institute,1844
Union University,1845
Vanderbilt University,1846
Volunteer State Community College,1847
King University,1848
Abilene Christian University,1849
Alamo Colleges,1850
Alvin Community College,1851
Angelo State University,1852
Austin Community College District,1853
Austin College,1854
Austin Graduate School of Theology,1855
Baylor University,1856
Blinn College,1857
Brazosport College,1858
Brookhaven College,1859
Baptist Health System School of Health Professions,1860
Career Point College,1861
Cedar Valley College,1862
Coastal Bend College,1863
College of the Mainland,1864
Concordia University Texas,1865
Central Texas College,1866
Culinary Institute LeNotre,1867
Dallas Baptist University,1868
Del Mar College,1869
Dallas Nursing Institute,1870
El Paso Community College,1871
East Texas Baptist University,1872
Galen College of Nursing,1873
Galveston College,1874
Grayson College,1875
Houston Baptist University,1876
Houston Community College,1877
Hill College,1878
Howard College,1879
Howard Payne University,1880
Lamar University,1881
Lamar State College - Port Arthur,1882
Lubbock Christian University,1883
LeTourneau University,1884
Lamar Institute of Technology,1885
Lone Star College System,1886
Lamar State College - Orange,1887
McLennan Community College,1888
McMurry University,1889
Midland College,1890
Midwestern State University,1891
National American University,1892
North Central Texas College,1893
North American University,1894
North Lake College,1895
Odessa College,1896
Ogle School,1897
Our Lady of the Lake University,1898
Panola College,1899
Patty Hands Shelton School of Nursing,1900
Prairie View A&M University,1901
Rice University,1902
Richland College,1903
San Jacinto College,1904
Schreiner University,1905
Stephen F. Austin State University,1906
Sam Houston State University,1907
Southern Methodist University,1908
South Plains College,1909
South Texas College,1910
Southwestern University,1911
Seminary of the Southwest,1912
South Texas College of Law,1913
Saint Edward's University,1914
Saint Mary's University,1915
Texas A&M Health Science Center,1917
Texas A&M International University,1918
Texas A&M University,1919
Texas A&M University Commerce,1920
Texas A&M University Corpus Christi,1921
Texas A&M University Kingsville,1922
Texas A&M University Texarkana,1923
Tarleton State University,1924
Texas Christian University,1925
Temple College,1926
Tyler Junior College,1927
Trinity University,1928
Texas State Technical College,1929
Texas Southern University,1930
Texas Tech University,1931
Texas Tech University Health Sciences Center,1932
Texas Woman's University,1933
Texas Chiropractic College,1934
Texas State University,1935
University of Dallas,1936
Universty of Houston,1937
University of Houston Clear Lake,1938
University of Houston Downtown,1939
University of the Incarnate Word,1940
University of Mary Hardin-Baylor,1941
University of North Texas,1942
University of North Texas Health Science Center,1943
University of Texas Arlington,1944
University of Texas Brownsville,1945
University of Texas Dallas,1946
University of Texas at El Paso,1947
University of Texas at Austin,1948
University of Texas Health Science Center Houston,1949
University of Texas Health Science Center San Antonio,1950
University of Texas Medical Branch at Galveston,1951
University of Texas Pan American,1952
University of Texas of the Permian Basin,1953
University of Texas at San Antonio,1954
University of Texas Southwestern Medical Center,1955
University of Texas at Tyler,1956
Valley Grande Institute,1957
Victoria College,1958
Wayland Baptist University,1959
Weatherford College,1960
West Texas A&M University,1961
University of the Virgin Islands,1962
Brigham Young University,1963
Dixie State University,1964
Salt Lake Community College,1965
Snow College,1966
Southern Utah University,1967
Utah State University,1968
University of Utah,1969
Utah Valley University,1970
Weber State University,1971
Western Governors University,1972
Averett University,1973
Christendom College,1974
Christopher Newport University,1975
Dabney S. Lancaster Community College,1976
Eastern Mennonite University,1977
Eastern Virginia Medical School,1978
Ferrum College,1979
Germanna Community College,1980
George Mason University,1981
Hampden-Sydney College,1982
The Institute for the Psychological Sciences,1983
James Madison University,1984
Liberty University,1985
Longwood University,1986
Marymount University,1987
New River Community College,1988
Norfolk State University,1989
Northern Virginia Community College,1990
Old Dominion University,1991
Radford University,1992
Randolph College,1993
Rappahannock Community College,1994
Regent University,1995
Reynolds Community College,1996
University of Richmond,1997
Randolph-Macon College,1998
Roanoke College,1999
Sentara College of Health Sciences,2000
Stratford University,2001
Shenandoah University,2002
Southern Virgina University,2003
Southwest Virgina Community College,2004
Tidewater Community College,2005
Thomas Nelson Community College,2006
University of Mary Washington,2007
University of Virginia's College at Wise,2008
Virginia's Community Colleges,2009
Virginia Commonwealth University,2010
Virgina Highlands Community College,2011
Virginia Institute of Marine Science,2012
University of Virginia,2013
Virginia Western Community College,2014
Virginia International University,2015
Virginia State University,2016
Virginia Polytechnic Institute and State University,2017
Virginia Union University,2018
Virginia Wesleyan College,2019
Washington and Lee University,2020
The College of William and Mary,2021
Castleton State College of Vermont,2022
Champlain College,2023
Green Mountain College,2024
Johnson State College,2025
Middlebury College,2026
New England Culinary Institute,2027
Norwich University,2028
School for International Training,2029
Saint Michael's College,2030
University of Vermont,2032
Vermont Law School,2033
Vermont Technical College,2034
Bennington College,2035
Bellevue College,2036
Big Bend Community College,2037
Cascadia Community College,2038
Centralia College,2039
Charter College,2040
Clark College,2041
Central Washington University,2042
DigiPen Institute of Technology,2043
Edmonds Community College,2044
Everett Community College,2045
The Evergreen State College,2046
Eastern Washington University,2047
Faith Evangelical College and Seminary,2048
Gonzaga University,2049
Green River Community College,2050
Highline College,2051
Mukogawa Fort Wright Institute,2052
North Seattle College,2053
Olympic College,2054
Peninsula College,2055
Perry Technical Institute,2056
Pacific Lutheran University,2057
Renton Technical College,2058
Seattle Central College,2059
Seattle University,2060
Shoreline Community College,2061
Seattle Institute of Oriental Medicine,2062
Skagit Valley College,2063
South Seattle College,2064
Spokane Falls Community College,2065
Seattle Pacific University,2066
Saint Martin's University,2067
University of Puget Sound,2068
University of Washington,2079
University of Washington Bothell,2070
Walla Walla University,2071
Whitman College,2072
Whitworth University,2073
Washington State University,2074
Wenatchee Valley College,2075
Walla Walla Community College,2076
Western Washington University,2077
Yakima Valley Community College,2078
Alverno College,2080
Carroll University,2081
Carthage College,2082
Chippewa Valley Technical College,2083
Edgewood College,2084
Gateway Technical College,2085
The Institute of Beauty and Wellness,2086
Lawrence University,2087
Madison Area Technical College,2088
Marquette University,2089
Milwaukee Area Technical College,2090
Medical College of Wisconsin,2091
Milwaukee Institute of Art and Design,2092
Moraine Park Technical College,2093
Milwaukee School of Engineering,2094
Northland College,2095
Northcentral Technical College,2096
Northeast Wisconsin Technical College,2097
Silver Lake College of the Holy Family,2098
Saint Norbert College,2099
Cardinal Stritch University,2100
University of Wisconsin Colleges,2101
University of Wisconsin Eau Claire,2102
University of Wisconsin Extension,2103
University of Wisconsin Green Bay,2104
University of Wisconsin La Crosse,2105
University of Wisconsin Milwaukee,2106
University of Wisconsin Oshkosh,2107
University of Wisconsin Platteville,2108
University of Wisconsin River Falls,2109
University of Wisconsin Stevens Point,2110
University of Wisconsin Superior,2111
University of Wisconsin Whitewater,2112
Viterbo University,2113
Waukesha County Technical College,2114
"University of Wisconsin, Madison",2115
Wisconsin Indianhead Technical College,2116
Wisconsin Lutheran College,2117
Wisconsin Technical College System,2118
Western Technical College,2119
American Public University System,2120
Concord University,2121
Eastern West Virgina Community and Technical College,2122
Fairmont State University,2123
Marshall University,2124
Ohio Valley University,2125
Pierpont Community and Technical College,2126
Shepherd University,2127
University of Charleston,2128
West Liberty University,2129
Wheeling Jesuit University,2130
West Virginia Northern Community College,2131
West Virginia State University,2132
West Virginia University,2133
West Virginia Wesleyan College,2134
Casper College,2135
Central Wyoming College,2136
National Outdoor Leadership School,2137
Northwest College,2138
Northern Wyoming Community College District,2139
University of Wyoming,2140
